aw_deep_link,product_name,aw_product_id,merchant_product_id,merchant_image_url,description,merchant_category,search_price,alternate_image,alternate_image_two,alternate_image_three,alternate_image_four,product_price_old,merchant_name,product_short_description,display_price
https://www.awin1.com/pclick.php?p=28655591635&a=647209&m=14568,home24 Viscoschaummatratze Original Breeze,28655591635,1000244962,https://cdn1.home24.net/images/media/catalog/product/original/png/-/1/-1000244962-210211-15512300103-MOOD-DETAILS-P000000001000244962-mood.jpg,Willkommen in Deinem neuen Zuhause – Willkommen bei Home24 Es ist Zeit für frischen Wind in Deinem Zuhause? Wir bei Home24 sind täglich auf der Suche nach neuen Wohnideen. Dieser Artikel ist ein Neuzugang in unserem umfangreichen Sortiment. Neben der exzellenten optischen Präsentation unserer Produkte ist uns eine detaillierte Beschreibung der Produkte besonders wichtig. Alle relevanten Informationen für diesen Artikel kannst Du schon jetzt unseren Produktdetails entnehmen.,Moebel,1599.99,https://cdn1.home24.net/images/media/catalog/product/original/png/-/1/-1000244962-210211-15512200102-IMAGE-P000000001000244962.jpg,https://cdn1.home24.net/images/media/catalog/product/original/png/-/1/-1000244962-210211-15512300103-MOOD-DETAILS-P000000001000244962-mood.jpg,https://cdn1.home24.net/images/media/catalog/product/300x300/png/-/1/-1000244962-210211-15512300103-MOOD-DETAILS-P000000001000244962-mood.jpg,,1748,Home24 DE,,15939.99
https://www.awin1.com/pclick.php?p=28655591637&a=647209&m=14568,home24 Viscoschaummatratze Original Breeze,28655591637,1000244940,https://cdn1.home24.net/images/media/catalog/product/original/png/-/1/-1000244940-210211-15500100046-MOOD-DETAILS-P000000001000244940-mood.jpg,Willkommen in Deinem neuen Zuhause – Willkommen bei Home24 Es ist Zeit für frischen Wind in Deinem Zuhause? Wir bei Home24 sind täglich auf der Suche nach neuen Wohnideen. Dieser Artikel ist ein Neuzugang in unserem umfangreichen Sortiment. Neben der exzellenten optischen Präsentation unserer Produkte ist uns eine detaillierte Beschreibung der Produkte besonders wichtig. Alle relevanten Informationen für diesen Artikel kannst Du schon jetzt unseren Produktdetails entnehmen.,Moebel,1599.99,https://cdn1.home24.net/images/media/catalog/product/original/png/-/1/-1000244940-210211-15500000045-IMAGE-P000000001000244940.jpg,https://cdn1.home24.net/images/media/catalog/product/original/png/-/1/-1000244940-210211-15500100046-MOOD-DETAILS-P000000001000244940-mood.jpg,https://cdn1.home24.net/images/media/catalog/product/300x300/png/-/1/-1000244940-210211-15500100046-MOOD-DETAILS-P000000001000244940-mood.jpg,,1748,Home24 DE,,1599.99
https://www.awin1.com/pclick.php?p=28655591639&a=647209&m=14568,home24 Viscoschaummatratze Original Breeze,28655591639,1000244966,https://cdn1.home24.net/images/media/catalog/product/original/png/-/1/-1000244966-210211-15515000122-MOOD-DETAILS-P000000001000244966-mood.jpg,Willkommen in Deinem neuen Zuhause – Willkommen bei Home24 Es ist Zeit für frischen Wind in Deinem Zuhause? Wir bei Home24 sind täglich auf der Suche nach neuen Wohnideen. Dieser Artikel ist ein Neuzugang in unserem umfangreichen Sortiment. Neben der exzellenten optischen Präsentation unserer Produkte ist uns eine detaillierte Beschreibung der Produkte besonders wichtig. Alle relevanten Informationen für diesen Artikel kannst Du schon jetzt unseren Produktdetails entnehmen.,Moebel,3699.99,https://cdn1.home24.net/images/media/catalog/product/original/png/-/1/-1000244966-210211-15514800121-IMAGE-P000000001000244966.jpg,https://cdn1.home24.net/images/media/catalog/product/original/png/-/1/-1000244966-210211-15515000122-MOOD-DETAILS-P000000001000244966-mood.jpg,https://cdn1.home24.net/images/media/catalog/product/300x300/png/-/1/-1000244966-210211-15515000122-MOOD-DETAILS-P000000001000244966-mood.jpg,,4148,Home24 DE,,3699.99
https://www.awin1.com/pclick.php?p=28655591641&a=647209&m=14568,home24 Viscoschaummatratze Original Breeze,28655591641,1000244939,https://cdn1.home24.net/images/media/catalog/product/original/png/-/1/-1000244939-210211-15495600042-MOOD-DETAILS-P000000001000244939-mood.jpg,Willkommen in Deinem neuen Zuhause – Willkommen bei Home24 Es ist Zeit für frischen Wind in Deinem Zuhause? Wir bei Home24 sind täglich auf der Suche nach neuen Wohnideen. Dieser Artikel ist ein Neuzugang in unserem umfangreichen Sortiment. Neben der exzellenten optischen Präsentation unserer Produkte ist uns eine detaillierte Beschreibung der Produkte besonders wichtig. Alle relevanten Informationen für diesen Artikel kannst Du schon jetzt unseren Produktdetails entnehmen.,Moebel,3299.99,https://cdn1.home24.net/images/media/catalog/product/original/png/-/1/-1000244939-210211-15495400041-IMAGE-P000000001000244939.jpg,https://cdn1.home24.net/images/media/catalog/product/original/png/-/1/-1000244939-210211-15495600042-MOOD-DETAILS-P000000001000244939-mood.jpg,https://cdn1.home24.net/images/media/catalog/product/300x300/png/-/1/-1000244939-210211-15495600042-MOOD-DETAILS-P000000001000244939-mood.jpg,,3748,Home24 DE,,3299.99
https://www.awin1.com/pclick.php?p=28655595759&a=647209&m=14568,home24 Viscoschaummatratze Sensation Breeze,28655595759,1000244970,https://cdn1.home24.net/images/media/catalog/product/original/png/-/1/-1000244970-210211-15520500133-MOOD-DETAILS-P000000001000244970-mood.jpg,Willkommen in Deinem neuen Zuhause – Willkommen bei Home24 Es ist Zeit für frischen Wind in Deinem Zuhause? Wir bei Home24 sind täglich auf der Suche nach neuen Wohnideen. Dieser Artikel ist ein Neuzugang in unserem umfangreichen Sortiment. Neben der exzellenten optischen Präsentation unserer Produkte ist uns eine detaillierte Beschreibung der Produkte besonders wichtig. Alle relevanten Informationen für diesen Artikel kannst Du schon jetzt unseren Produktdetails entnehmen.,Moebel,1599.99,https://cdn1.home24.net/images/media/catalog/product/original/png/-/1/-1000244970-210211-15520400132-IMAGE-P000000001000244970.jpg,https://cdn1.home24.net/images/media/catalog/product/original/png/-/1/-1000244970-210211-15520500133-MOOD-DETAILS-P000000001000244970-mood.jpg,https://cdn1.home24.net/images/media/catalog/product/300x300/png/-/1/-1000244970-210211-15520500133-MOOD-DETAILS-P000000001000244970-mood.jpg,,1748,Home24 DE,,1599.99
https://www.awin1.com/pclick.php?p=28655595761&a=647209&m=14568,home24 Viscoschaummatratze Sensation Breeze,28655595761,1000244942,https://cdn1.home24.net/images/media/catalog/product/original/png/-/1/-1000244942-210211-15501700056-MOOD-DETAILS-P000000001000244942-mood.jpg,Willkommen in Deinem neuen Zuhause – Willkommen bei Home24 Es ist Zeit für frischen Wind in Deinem Zuhause? Wir bei Home24 sind täglich auf der Suche nach neuen Wohnideen. Dieser Artikel ist ein Neuzugang in unserem umfangreichen Sortiment. Neben der exzellenten optischen Präsentation unserer Produkte ist uns eine detaillierte Beschreibung der Produkte besonders wichtig. Alle relevanten Informationen für diesen Artikel kannst Du schon jetzt unseren Produktdetails entnehmen.,Moebel,1599.99,https://cdn1.home24.net/images/media/catalog/product/original/png/-/1/-1000244942-210211-15501500055-IMAGE-P000000001000244942.jpg,https://cdn1.home24.net/images/media/catalog/product/original/png/-/1/-1000244942-210211-15501700056-MOOD-DETAILS-P000000001000244942-mood.jpg,https://cdn1.home24.net/images/media/catalog/product/300x300/png/-/1/-1000244942-210211-15501700056-MOOD-DETAILS-P000000001000244942-mood.jpg,,1748,Home24 DE,,1599.99
https://www.awin1.com/pclick.php?p=28655595763&a=647209&m=14568,home24 Viscoschaummatratze Sensation Breeze,28655595763,1000244945,https://cdn1.home24.net/images/media/catalog/product/original/png/-/1/-1000244945-210211-15503700070-MOOD-DETAILS-P000000001000244945-mood.jpg,Willkommen in Deinem neuen Zuhause – Willkommen bei Home24 Es ist Zeit für frischen Wind in Deinem Zuhause? Wir bei Home24 sind täglich auf der Suche nach neuen Wohnideen. Dieser Artikel ist ein Neuzugang in unserem umfangreichen Sortiment. Neben der exzellenten optischen Präsentation unserer Produkte ist uns eine detaillierte Beschreibung der Produkte besonders wichtig. Alle relevanten Informationen für diesen Artikel kannst Du schon jetzt unseren Produktdetails entnehmen.,Moebel,3299.99,https://cdn1.home24.net/images/media/catalog/product/original/png/-/1/-1000244945-210211-15503500069-IMAGE-P000000001000244945.jpg,https://cdn1.home24.net/images/media/catalog/product/original/png/-/1/-1000244945-210211-15503700070-MOOD-DETAILS-P000000001000244945-mood.jpg,https://cdn1.home24.net/images/media/catalog/product/300x300/png/-/1/-1000244945-210211-15503700070-MOOD-DETAILS-P000000001000244945-mood.jpg,,3748,Home24 DE,,3299.99
https://www.awin1.com/pclick.php?p=28655595765&a=647209&m=14568,home24 Viscoschaummatratze Sensation Breeze,28655595765,1000244944,https://cdn1.home24.net/images/media/catalog/product/original/png/-/1/-1000244944-210211-15503000065-MOOD-DETAILS-P000000001000244944-mood.jpg,Willkommen in Deinem neuen Zuhause – Willkommen bei Home24 Es ist Zeit für frischen Wind in Deinem Zuhause? Wir bei Home24 sind täglich auf der Suche nach neuen Wohnideen. Dieser Artikel ist ein Neuzugang in unserem umfangreichen Sortiment. Neben der exzellenten optischen Präsentation unserer Produkte ist uns eine detaillierte Beschreibung der Produkte besonders wichtig. Alle relevanten Informationen für diesen Artikel kannst Du schon jetzt unseren Produktdetails entnehmen.,Moebel,1599.99,https://cdn1.home24.net/images/media/catalog/product/original/png/-/1/-1000244944-210211-15502900064-IMAGE-P000000001000244944.jpg,https://cdn1.home24.net/images/media/catalog/product/original/png/-/1/-1000244944-210211-15503000065-MOOD-DETAILS-P000000001000244944-mood.jpg,https://cdn1.home24.net/images/media/catalog/product/300x300/png/-/1/-1000244944-210211-15503000065-MOOD-DETAILS-P000000001000244944-mood.jpg,,1748,Home24 DE,,1599.99
https://www.awin1.com/pclick.php?p=28655595767&a=647209&m=14568,home24 Viscoschaummatratze Sensation Breeze,28655595767,1000244950,https://cdn1.home24.net/images/media/catalog/product/original/png/-/1/-1000244950-210211-15510400089-MOOD-DETAILS-P000000001000244950-mood.jpg,Willkommen in Deinem neuen Zuhause – Willkommen bei Home24 Es ist Zeit für frischen Wind in Deinem Zuhause? Wir bei Home24 sind täglich auf der Suche nach neuen Wohnideen. Dieser Artikel ist ein Neuzugang in unserem umfangreichen Sortiment. Neben der exzellenten optischen Präsentation unserer Produkte ist uns eine detaillierte Beschreibung der Produkte besonders wichtig. Alle relevanten Informationen für diesen Artikel kannst Du schon jetzt unseren Produktdetails entnehmen.,Moebel,3699.99,https://cdn1.home24.net/images/media/catalog/product/original/png/-/1/-1000244950-210211-15510200088-IMAGE-P000000001000244950.jpg,https://cdn1.home24.net/images/media/catalog/product/original/png/-/1/-1000244950-210211-15510400089-MOOD-DETAILS-P000000001000244950-mood.jpg,https://cdn1.home24.net/images/media/catalog/product/300x300/png/-/1/-1000244950-210211-15510400089-MOOD-DETAILS-P000000001000244950-mood.jpg,,4148,Home24 DE,,3699.99
https://www.awin1.com/pclick.php?p=28655596883&a=647209&m=14568,home24 Viscoschaummatratze Original 21,28655596883,1000244936,https://cdn1.home24.net/images/media/catalog/product/original/png/-/1/-1000244936-210211-15493000029-MOOD-DETAILS-P000000001000244936-mood.jpg,Willkommen in Deinem neuen Zuhause – Willkommen bei Home24 Es ist Zeit für frischen Wind in Deinem Zuhause? Wir bei Home24 sind täglich auf der Suche nach neuen Wohnideen. Dieser Artikel ist ein Neuzugang in unserem umfangreichen Sortiment. Neben der exzellenten optischen Präsentation unserer Produkte ist uns eine detaillierte Beschreibung der Produkte besonders wichtig. Alle relevanten Informationen für diesen Artikel kannst Du schon jetzt unseren Produktdetails entnehmen.,Moebel,1099.99,https://cdn1.home24.net/images/media/catalog/product/original/png/-/1/-1000244936-210211-15492800028-IMAGE-P000000001000244936.jpg,https://cdn1.home24.net/images/media/catalog/product/original/png/-/1/-1000244936-210211-15493000029-MOOD-DETAILS-P000000001000244936-mood.jpg,https://cdn1.home24.net/images/media/catalog/product/300x300/png/-/1/-1000244936-210211-15493000029-MOOD-DETAILS-P000000001000244936-mood.jpg,,1398,Home24 DE,,1099.99
https://www.awin1.com/pclick.php?p=28655596885&a=647209&m=14568,home24 Viscoschaummatratze Original 21,28655596885,1000244963,https://cdn1.home24.net/images/media/catalog/product/original/png/-/1/-1000244963-210211-15512900107-MOOD-DETAILS-P000000001000244963-mood.jpg,Willkommen in Deinem neuen Zuhause – Willkommen bei Home24 Es ist Zeit für frischen Wind in Deinem Zuhause? Wir bei Home24 sind täglich auf der Suche nach neuen Wohnideen. Dieser Artikel ist ein Neuzugang in unserem umfangreichen Sortiment. Neben der exzellenten optischen Präsentation unserer Produkte ist uns eine detaillierte Beschreibung der Produkte besonders wichtig. Alle relevanten Informationen für diesen Artikel kannst Du schon jetzt unseren Produktdetails entnehmen.,Moebel,1099.99,https://cdn1.home24.net/images/media/catalog/product/original/png/-/1/-1000244963-210211-15512700106-IMAGE-P000000001000244963.jpg,https://cdn1.home24.net/images/media/catalog/product/original/png/-/1/-1000244963-210211-15512900107-MOOD-DETAILS-P000000001000244963-mood.jpg,https://cdn1.home24.net/images/media/catalog/product/300x300/png/-/1/-1000244963-210211-15512900107-MOOD-DETAILS-P000000001000244963-mood.jpg,,1398,Home24 DE,,1099.99
https://www.awin1.com/pclick.php?p=28655598159&a=647209&m=14568,home24 Viscoschaummatratze Cloud Breeze,28655598159,1000244943,https://cdn1.home24.net/images/media/catalog/product/original/png/-/1/-1000244943-210211-15502400061-MOOD-DETAILS-P000000001000244943-mood.jpg,Willkommen in Deinem neuen Zuhause – Willkommen bei Home24 Es ist Zeit für frischen Wind in Deinem Zuhause? Wir bei Home24 sind täglich auf der Suche nach neuen Wohnideen. Dieser Artikel ist ein Neuzugang in unserem umfangreichen Sortiment. Neben der exzellenten optischen Präsentation unserer Produkte ist uns eine detaillierte Beschreibung der Produkte besonders wichtig. Alle relevanten Informationen für diesen Artikel kannst Du schon jetzt unseren Produktdetails entnehmen.,Moebel,1599.99,https://cdn1.home24.net/images/media/catalog/product/original/png/-/1/-1000244943-210211-15502300060-IMAGE-P000000001000244943.jpg,https://cdn1.home24.net/images/media/catalog/product/original/png/-/1/-1000244943-210211-15502400061-MOOD-DETAILS-P000000001000244943-mood.jpg,https://cdn1.home24.net/images/media/catalog/product/300x300/png/-/1/-1000244943-210211-15502400061-MOOD-DETAILS-P000000001000244943-mood.jpg,,1748,Home24 DE,,1599.99
https://www.awin1.com/pclick.php?p=28655598263&a=647209&m=14568,home24 Viscoschaummatratze Cloud 21,28655598263,1000244928,https://cdn1.home24.net/images/media/catalog/product/original/png/-/1/-1000244928-210211-15484800006-IMAGE-P000000001000244928.jpg,Willkommen in Deinem neuen Zuhause – Willkommen bei Home24 Es ist Zeit für frischen Wind in Deinem Zuhause? Wir bei Home24 sind täglich auf der Suche nach neuen Wohnideen. Dieser Artikel ist ein Neuzugang in unserem umfangreichen Sortiment. Neben der exzellenten optischen Präsentation unserer Produkte ist uns eine detaillierte Beschreibung der Produkte besonders wichtig. Alle relevanten Informationen für diesen Artikel kannst Du schon jetzt unseren Produktdetails entnehmen.,Moebel,1099.99,https://cdn1.home24.net/images/media/catalog/product/original/png/-/1/-1000244928-210211-15485000007-DETAILS-P000000001000244928.jpg,https://cdn1.home24.net/images/media/catalog/product/original/png/-/1/-1000244928-210211-15485200008-DETAILS-P000000001000244928.jpg,https://cdn1.home24.net/images/media/catalog/product/300x300/png/-/1/-1000244928-210211-15484800006-IMAGE-P000000001000244928.jpg,,1398,Home24 DE,,1099.99
https://www.awin1.com/pclick.php?p=28655598265&a=647209&m=14568,home24 Viscoschaummatratze Cloud 21,28655598265,1000244932,https://cdn1.home24.net/images/media/catalog/product/original/png/-/1/-1000244932-210211-15491100019-IMAGE-P000000001000244932.jpg,Willkommen in Deinem neuen Zuhause – Willkommen bei Home24 Es ist Zeit für frischen Wind in Deinem Zuhause? Wir bei Home24 sind täglich auf der Suche nach neuen Wohnideen. Dieser Artikel ist ein Neuzugang in unserem umfangreichen Sortiment. Neben der exzellenten optischen Präsentation unserer Produkte ist uns eine detaillierte Beschreibung der Produkte besonders wichtig. Alle relevanten Informationen für diesen Artikel kannst Du schon jetzt unseren Produktdetails entnehmen.,Moebel,1099.99,https://cdn1.home24.net/images/media/catalog/product/original/png/-/1/-1000244932-210211-15491200020-DETAILS-P000000001000244932.jpg,https://cdn1.home24.net/images/media/catalog/product/original/png/-/1/-1000244932-210211-15491500021-DETAILS-P000000001000244932.jpg,https://cdn1.home24.net/images/media/catalog/product/300x300/png/-/1/-1000244932-210211-15491100019-IMAGE-P000000001000244932.jpg,,1398,Home24 DE,,1099.99
https://www.awin1.com/pclick.php?p=28655599293&a=647209&m=14568,home24 Viscoschaummatratze Cloud Breeze,28655599293,1000244952,https://cdn1.home24.net/images/media/catalog/product/original/png/-/1/-1000244952-210211-15511300096-MOOD-DETAILS-P000000001000244952-mood.jpg,Willkommen in Deinem neuen Zuhause – Willkommen bei Home24 Es ist Zeit für frischen Wind in Deinem Zuhause? Wir bei Home24 sind täglich auf der Suche nach neuen Wohnideen. Dieser Artikel ist ein Neuzugang in unserem umfangreichen Sortiment. Neben der exzellenten optischen Präsentation unserer Produkte ist uns eine detaillierte Beschreibung der Produkte besonders wichtig. Alle relevanten Informationen für diesen Artikel kannst Du schon jetzt unseren Produktdetails entnehmen.,Moebel,3299.99,https://cdn1.home24.net/images/media/catalog/product/original/png/-/1/-1000244952-210211-15511200095-IMAGE-P000000001000244952.jpg,https://cdn1.home24.net/images/media/catalog/product/original/png/-/1/-1000244952-210211-15511300096-MOOD-DETAILS-P000000001000244952-mood.jpg,https://cdn1.home24.net/images/media/catalog/product/300x300/png/-/1/-1000244952-210211-15511300096-MOOD-DETAILS-P000000001000244952-mood.jpg,,3748,Home24 DE,,3299.99
https://www.awin1.com/pclick.php?p=28655599295&a=647209&m=14568,home24 Viscoschaummatratze Cloud Breeze,28655599295,1000244965,https://cdn1.home24.net/images/media/catalog/product/original/png/-/1/-1000244965-210211-15514400118-MOOD-DETAILS-P000000001000244965-mood.jpg,Willkommen in Deinem neuen Zuhause – Willkommen bei Home24 Es ist Zeit für frischen Wind in Deinem Zuhause? Wir bei Home24 sind täglich auf der Suche nach neuen Wohnideen. Dieser Artikel ist ein Neuzugang in unserem umfangreichen Sortiment. Neben der exzellenten optischen Präsentation unserer Produkte ist uns eine detaillierte Beschreibung der Produkte besonders wichtig. Alle relevanten Informationen für diesen Artikel kannst Du schon jetzt unseren Produktdetails entnehmen.,Moebel,1599.99,https://cdn1.home24.net/images/media/catalog/product/original/png/-/1/-1000244965-210211-15514200117-IMAGE-P000000001000244965.jpg,https://cdn1.home24.net/images/media/catalog/product/original/png/-/1/-1000244965-210211-15514400118-MOOD-DETAILS-P000000001000244965-mood.jpg,https://cdn1.home24.net/images/media/catalog/product/300x300/png/-/1/-1000244965-210211-15514400118-MOOD-DETAILS-P000000001000244965-mood.jpg,,1748,Home24 DE,,1599.99
https://www.awin1.com/pclick.php?p=28655599297&a=647209&m=14568,home24 Viscoschaummatratze Cloud Breeze,28655599297,1000244964,https://cdn1.home24.net/images/media/catalog/product/original/png/-/1/-1000244964-210211-15513800114-MOOD-DETAILS-P000000001000244964-mood.jpg,Willkommen in Deinem neuen Zuhause – Willkommen bei Home24 Es ist Zeit für frischen Wind in Deinem Zuhause? Wir bei Home24 sind täglich auf der Suche nach neuen Wohnideen. Dieser Artikel ist ein Neuzugang in unserem umfangreichen Sortiment. Neben der exzellenten optischen Präsentation unserer Produkte ist uns eine detaillierte Beschreibung der Produkte besonders wichtig. Alle relevanten Informationen für diesen Artikel kannst Du schon jetzt unseren Produktdetails entnehmen.,Moebel,3699.99,https://cdn1.home24.net/images/media/catalog/product/original/png/-/1/-1000244964-210211-15513700113-IMAGE-P000000001000244964.jpg,https://cdn1.home24.net/images/media/catalog/product/original/png/-/1/-1000244964-210211-15513800114-MOOD-DETAILS-P000000001000244964-mood.jpg,https://cdn1.home24.net/images/media/catalog/product/300x300/png/-/1/-1000244964-210211-15513800114-MOOD-DETAILS-P000000001000244964-mood.jpg,,4148,Home24 DE,,3699.99
https://www.awin1.com/pclick.php?p=28655599299&a=647209&m=14568,home24 Viscoschaummatratze Cloud Breeze,28655599299,1000244946,https://cdn1.home24.net/images/media/catalog/product/original/png/-/1/-1000244946-210211-15504300075-MOOD-DETAILS-P000000001000244946-mood.jpg,Willkommen in Deinem neuen Zuhause – Willkommen bei Home24 Es ist Zeit für frischen Wind in Deinem Zuhause? Wir bei Home24 sind täglich auf der Suche nach neuen Wohnideen. Dieser Artikel ist ein Neuzugang in unserem umfangreichen Sortiment. Neben der exzellenten optischen Präsentation unserer Produkte ist uns eine detaillierte Beschreibung der Produkte besonders wichtig. Alle relevanten Informationen für diesen Artikel kannst Du schon jetzt unseren Produktdetails entnehmen.,Moebel,1599.99,https://cdn1.home24.net/images/media/catalog/product/original/png/-/1/-1000244946-210211-15504200074-IMAGE-P000000001000244946.jpg,https://cdn1.home24.net/images/media/catalog/product/original/png/-/1/-1000244946-210211-15504300075-MOOD-DETAILS-P000000001000244946-mood.jpg,https://cdn1.home24.net/images/media/catalog/product/300x300/png/-/1/-1000244946-210211-15504300075-MOOD-DETAILS-P000000001000244946-mood.jpg,,1748,Home24 DE,,1599.99
https://www.awin1.com/pclick.php?p=28655599355&a=647209&m=14568,home24 Viscoschaummatratze Original Breeze,28655599355,1000244931,https://cdn1.home24.net/images/media/catalog/product/original/png/-/1/-1000244931-210211-15490400016-MOOD-DETAILS-P000000001000244931-mood.jpg,Willkommen in Deinem neuen Zuhause – Willkommen bei Home24 Es ist Zeit für frischen Wind in Deinem Zuhause? Wir bei Home24 sind täglich auf der Suche nach neuen Wohnideen. Dieser Artikel ist ein Neuzugang in unserem umfangreichen Sortiment. Neben der exzellenten optischen Präsentation unserer Produkte ist uns eine detaillierte Beschreibung der Produkte besonders wichtig. Alle relevanten Informationen für diesen Artikel kannst Du schon jetzt unseren Produktdetails entnehmen.,Moebel,1599.99,https://cdn1.home24.net/images/media/catalog/product/original/png/-/1/-1000244931-210211-15490300015-IMAGE-P000000001000244931.jpg,https://cdn1.home24.net/images/media/catalog/product/original/png/-/1/-1000244931-210211-15490400016-MOOD-DETAILS-P000000001000244931-mood.jpg,https://cdn1.home24.net/images/media/catalog/product/300x300/png/-/1/-1000244931-210211-15490400016-MOOD-DETAILS-P000000001000244931-mood.jpg,,1748,Home24 DE,,1599.99
https://www.awin1.com/pclick.php?p=28655599519&a=647209&m=14568,home24 Viscoschaummatratze Sensation 21,28655599519,1000244941,https://cdn1.home24.net/images/media/catalog/product/original/png/-/1/-1000244941-210211-15500700050-MOOD-DETAILS-P000000001000244941-mood.jpg,Willkommen in Deinem neuen Zuhause – Willkommen bei Home24 Es ist Zeit für frischen Wind in Deinem Zuhause? Wir bei Home24 sind täglich auf der Suche nach neuen Wohnideen. Dieser Artikel ist ein Neuzugang in unserem umfangreichen Sortiment. Neben der exzellenten optischen Präsentation unserer Produkte ist uns eine detaillierte Beschreibung der Produkte besonders wichtig. Alle relevanten Informationen für diesen Artikel kannst Du schon jetzt unseren Produktdetails entnehmen.,Moebel,1099.99,https://cdn1.home24.net/images/media/catalog/product/original/png/-/1/-1000244941-210211-15500500049-IMAGE-P000000001000244941.jpg,https://cdn1.home24.net/images/media/catalog/product/original/png/-/1/-1000244941-210211-15500700050-MOOD-DETAILS-P000000001000244941-mood.jpg,https://cdn1.home24.net/images/media/catalog/product/300x300/png/-/1/-1000244941-210211-15500700050-MOOD-DETAILS-P000000001000244941-mood.jpg,,1398,Home24 DE,,1099.99
https://www.awin1.com/pclick.php?p=28655599521&a=647209&m=14568,home24 Viscoschaummatratze Sensation 21,28655599521,1000244937,https://cdn1.home24.net/images/media/catalog/product/original/png/-/1/-1000244937-210211-15494600036-MOOD-DETAILS-P000000001000244937-mood.jpg,Willkommen in Deinem neuen Zuhause – Willkommen bei Home24 Es ist Zeit für frischen Wind in Deinem Zuhause? Wir bei Home24 sind täglich auf der Suche nach neuen Wohnideen. Dieser Artikel ist ein Neuzugang in unserem umfangreichen Sortiment. Neben der exzellenten optischen Präsentation unserer Produkte ist uns eine detaillierte Beschreibung der Produkte besonders wichtig. Alle relevanten Informationen für diesen Artikel kannst Du schon jetzt unseren Produktdetails entnehmen.,Moebel,1099.99,https://cdn1.home24.net/images/media/catalog/product/original/png/-/1/-1000244937-210211-15494300035-IMAGE-P000000001000244937.jpg,https://cdn1.home24.net/images/media/catalog/product/original/png/-/1/-1000244937-210211-15494600036-MOOD-DETAILS-P000000001000244937-mood.jpg,https://cdn1.home24.net/images/media/catalog/product/300x300/png/-/1/-1000244937-210211-15494600036-MOOD-DETAILS-P000000001000244937-mood.jpg,,1398,Home24 DE,,1099.99
